,Image Name,Resolution,Scale,Field of view (nm^2),Total Cavities,Avg Size(nm)
0,0-0-KFV9PO,1024,0.308,99472.113664,98,4.1938775510204085
1,0-1-STV1ZT,1024,0.31383984375,103279.96238400001,207,4.808943089430894
